
<beans xmlns="http://www.springframework.org/schema/beans"
    xmlns:mvc="http://www.springframework.org/schema/mvc"
	xmlns:context="http://www.springframework.org/schema/context"
	xmlns:xsi="http://www.w3.org/2001/XMLSchema-instance"
	xmlns:jdbc="http://www.springframework.org/schema/jdbc"
	xsi:schemaLocation="
		http://www.springframework.org/schema/mvc
        http://www.springframework.org/schema/mvc/spring-mvc-3.0.xsd
        http://www.springframework.org/schema/beans
        http://www.springframework.org/schema/beans/spring-beans-3.0.xsd
        http://www.springframework.org/schema/context
        http://www.springframework.org/schema/context/spring-context-3.0.xsd
        http://www.springframework.org/schema/jdbc
        http://www.springframework.org/schema/jdbc/spring-jdbc.xsd">
        
      <!--   multipart servlet -->
 
 <mvc:default-servlet-handler/>
 
	<context:component-scan base-package="com.niit.jef.controller" />
	<context:component-scan base-package="com.niit.jee"/>
	
	

	<!-- <context:component-scan base-package="com.niit.jee" />  -->
 <mvc:annotation-driven/>
	<bean
		class="org.springframework.web.servlet.view.InternalResourceViewResolver">
		<property name="prefix">
			<value>/WEB-INF/views/</value>
		</property>
		<property name="suffix">
			<value>.jsp</value>
		</property>
	</bean>
	
<bean  id="multipartResolver"
		class="org.springframework.web.multipart.commons.CommonsMultipartResolver">

		 <!-- setting maximum upload size -->
		<property name="maxUploadSize" value="30000000" />

	</bean>
	<mvc:resources mapping="/resources/**" location="/resources/" />
	
<!-- <mvc:resources mapping="/resources/product**" location="/resources/product/" /> -->
</beans>